command,mean,stddev,median,user,system,min,max
./bench/built-automata-benchmarks-0-48b84ff,0.06705744223000001,0.0009918095709769588,0.06676731988000001,0.06252972,0.0022978899999999995,0.06539972888000001,0.06935793488
./bench/built-automata-benchmarks-1-650c51c,0.10157253393000001,0.0011336889909546813,0.10164798638,0.09704652,0.00226629,0.09949059588,0.10412300088000001
./bench/built-automata-benchmarks-latest,0.04754331873000001,0.0022300958565742417,0.047032282380000005,0.04332337,0.00217694,0.044913407880000006,0.05578250188
